,NAME10,INTPTLAT10,INTPTLON10,0
0,4402.02,38.8567714,-77.2361246,-0.8919324888822604
1,4402.01,38.873316700000004,-77.222164,-0.48614054550069313
2,4506.01,38.8566871,-77.2083488,-0.2797884169006855
3,4507.02,38.8370906,-77.2033703,1.0054430058869395
4,4507.01,38.8432594,-77.21330079999998,-0.23332947741680637
5,4523.02,38.822025399999994,-77.21782850000001,-0.7615153765558859
6,4506.02,38.863287400000004,-77.1976392,-0.6231909655901444
7,4515.01,38.8641474,-77.1427534,-0.3293276664290148
8,4515.02,38.8534086,-77.1269817,3.5057540130410323
9,4528.01,38.8405895,-77.1276098,-0.9468187841105993
10,4516.01,38.8502111,-77.1389645,-0.22337980950864944
11,4521.02,38.8184488,-77.1961057,-0.1616643299841392
12,9201.0,38.7809091,-77.46488000000001,-0.8768358930580751
13,4519.0,38.8239767,-77.1529053,1.6040410927371713
14,4153.0,38.7668114,-77.0699232,-0.37596206333665527
15,4204.0,38.7950966,-77.0679939,0.5107670336487189
16,4159.0,38.718661,-77.08635859999998,-0.14677392326852096
17,4160.0,38.723859499999996,-77.1037281,2.380285610098678
18,4161.0,38.7048315,-77.1167622,1.8805312673793382
19,4326.0,38.7486925,-77.2328063,-0.03686689201860952
20,4615.0,38.8788055,-77.28184559999998,-0.3797609890968665
21,4406.0,38.839764,-77.3311672,-0.11261819160547269
22,4606.0,38.8882033,-77.23458459999999,-0.3006590220619084
23,4501.0,38.8691915,-77.20961009999999,-0.22164267252014516
24,4212.0,38.747656899999996,-77.1302639,-0.16450695070186414
25,4206.0,38.788769,-77.0817998,-0.8120494110402027
26,4208.0,38.779704200000005,-77.09772779999999,-0.40755069832931873
27,4214.0,38.7686894,-77.08761009999999,-0.04750226982290329
28,4502.0,38.871241,-77.19147629999999,0.6350822472088158
29,4920.0,38.809210799999995,-77.3494468,-0.009477538692227689
30,4921.0,38.760495500000005,-77.33100340000001,-0.12830172598582526
31,4313.0,38.767480799999994,-77.2436285,-0.28317953932047624
32,4323.0,38.780032299999995,-77.28916629999999,0.573627175038484
33,4325.0,38.7551051,-77.2528644,0.7246153576678025
34,4314.0,38.7681301,-77.22993559999999,-0.08742046373916644
35,4315.0,38.7691618,-77.2169257,-0.1771749538979198
36,4910.0,38.848277200000005,-77.50291429999999,0.3088683471880354
37,4503.0,38.8746505,-77.1724002,0.4295514962072551
38,4154.02,38.7504589,-77.06610340000002,0.9160662393570418
39,4327.01,38.7536105,-77.22018800000001,1.0433557269941833
40,4327.02,38.7290216,-77.2129408,0.42627975148008934
41,4202.03,38.792205200000005,-77.1291703,-0.1126376518991474
42,4817.01,38.8954761,-77.3696939,0.107777656025498
43,4817.02,38.871371,-77.35426650000001,-0.1830512133698225
44,4826.02,38.8859079,-77.3848045,-0.1868521214998983
45,4825.04,38.911657500000004,-77.3953642,0.9248887766127398
46,4811.06,38.9242273,-77.38321579999999,-0.10401584980872786
47,4205.03,38.7896541,-77.0749378,-1.0948596068434922
48,4223.01,38.781754,-77.13123929999999,-0.4735733913458649
49,4210.01,38.7708658,-77.15732390000001,-0.4767518767785734
50,4223.02,38.7721712,-77.1455343,1.4530562308994153
51,4217.02,38.7389961,-77.1153293,-0.07598008972289971
52,4224.02,38.7626578,-77.1343691,-0.3661295609686064
53,4211.03,38.737883700000005,-77.1698054,-0.31012992469483824
54,4210.02,38.7661831,-77.1777554,-0.4963838449292383
55,4221.01,38.708398100000004,-77.2112287,-0.9535161502905324
56,4224.01,38.762310799999995,-77.14439190000002,-0.37273442512241906
57,4217.01,38.7335133,-77.1067236,-0.03274358139271727
58,4318.02,38.8085065,-77.26906,0.7376841153596605
59,4318.01,38.8008118,-77.27958609999999,-0.4794795145138017
60,4302.01,38.810169200000004,-77.2990743,0.803438731872136
61,4922.02,38.7405723,-77.26696700000001,-0.0012466248580384183
62,4811.04,38.944258399999995,-77.41032840000001,-0.10959531592642065
63,4811.03,38.9473677,-77.40617540000001,-0.42313728966843983
64,4322.02,38.79331320000001,-77.283336,-0.23367712445415625
65,4302.02,38.81709229999999,-77.2859135,-0.47868490744582404
66,4405.01,38.830351,-77.27501290000001,-0.26726857739060506
67,4407.01,38.814446999999994,-77.2532913,-0.1158151987725317
68,4407.02,38.8208174,-77.24435079999999,0.028833959935435992
69,4308.02,38.7885941,-77.22707829999999,-0.3721917749352543
70,4525.01,38.8091896,-77.1701369,1.7264273696760895
71,4521.01,38.820179100000004,-77.180973,1.566244509594748
72,4310.01,38.7823496,-77.27061529999999,-0.3099836026694879
73,4301.01,38.810625200000004,-77.31577209999999,0.9109794638786967
74,4309.02,38.7884156,-77.26069559999999,0.04395212532629693
75,4324.02,38.7634745,-77.2673707,-0.1026667595572714
76,4151.0,38.7748759,-77.0727949,0.8076532937728813
77,4152.0,38.7753283,-77.05113759999999,-0.3962314047617485
78,4155.0,38.7407429,-77.0703824,3.1180535217101877
79,4156.0,38.7491984,-77.0496127,-0.007470033532565453
80,4163.0,38.6602924,-77.18625209999999,-0.14882140948984718
81,4923.0,38.7359343,-77.24105340000001,0.6010267281954675
82,4924.0,38.7274424,-77.2294411,-0.21107614758881857
83,4157.0,38.7212071,-77.05274990000001,0.153514340944137
84,4158.0,38.723418,-77.066409,-0.07563987930274804
85,4408.0,38.8280602,-77.2410704,-0.44335692513349056
86,4522.0,38.8220151,-77.20917370000001,1.3743541109951096
87,4319.0,38.797470700000005,-77.2579343,-0.24311464607082514
88,4320.0,38.794444899999995,-77.3187449,-0.5063434732674176
89,4321.0,38.789718,-77.3078757,-0.20600956657022929
90,4304.0,38.8020598,-77.2319597,-0.35814670349383404
91,4305.0,38.7961972,-77.2064204,-0.01584985032599443
92,4524.0,38.8054579,-77.1981593,0.6381462097935355
93,4711.0,38.910537899999994,-77.1975823,-0.4227578908814214
94,4801.0,39.0056549,-77.27023309999998,0.06259224141475558
95,4803.0,38.963210100000005,-77.258201,0.16720992092519832
96,4810.0,38.9636518,-77.4109061,-0.6097751351735349
97,4710.0,38.900768,-77.1859455,-0.30436197321225555
98,4703.0,38.929091,-77.13815240000001,0.18132311073661558
99,4704.0,38.9358924,-77.1545278,1.1378309584328257
100,4705.0,38.945137,-77.18136340000001,0.08435373000725822
101,4706.0,38.9354665,-77.19422540000001,-0.032378549607694054
102,4707.0,38.921223600000005,-77.1719099,-0.024226932774155552
103,4617.0,38.8669929,-77.2536515,1.6128921076523675
104,4708.0,38.9211925,-77.1870743,-0.2175826961239891
105,4709.0,38.907207799999995,-77.16578630000001,-0.031544178716789786
106,4601.0,38.9478795,-77.2749405,1.1911533185326029
107,4609.0,38.9113135,-77.25983599999999,-0.011345637091184822
108,4610.0,38.90211779999999,-77.2746761,-0.047173593795509235
109,4816.0,38.9022558,-77.3343975,0.18982529642794377
110,4602.0,38.927469200000004,-77.2890046,0.07933064804670681
111,4814.0,38.9276342,-77.34137120000001,0.5574894360067078
112,4815.0,38.916737700000006,-77.34089990000001,-0.02088581464208642
113,4819.0,38.9599358,-77.31276290000001,-0.45965613427287305
114,4821.0,38.967906299999996,-77.3390449,0.41970368181543305
115,4824.0,38.9404042,-77.31064649999999,-0.05072181872822025
116,4604.0,38.92323,-77.2523995,-0.24714017747023773
117,4603.0,38.9231766,-77.2750675,0.04578731003254825
118,4608.0,38.9020815,-77.2505402,-0.08574915813698154
119,4213.0,38.7559162,-77.1084503,0.6987177914201639
120,4316.0,38.7679402,-77.1954614,-0.8806764184868814
121,4215.0,38.7507419,-77.087214,1.9886273690698089
122,4216.0,38.739414000000004,-77.0986772,2.580171529200697
123,4218.0,38.724081299999995,-77.12641359999999,0.6603513460648343
124,4220.0,38.724367799999996,-77.19238730000001,0.309691349238025
125,4328.0,38.7377744,-77.2030713,-0.23792642626896968
126,4203.0,38.796644799999996,-77.10287609999999,-0.558668131958263
127,4207.0,38.7857531,-77.105237,-0.5938540939350332
128,4201.0,38.7859376,-77.1644359,-0.3503501993203182
129,4306.0,38.7874595,-77.1867599,0.257658768495556
130,4307.0,38.7874591,-77.20156170000001,-0.2162279590063179
131,4403.0,38.8444042,-77.2273478,0.014760359964082002
132,4508.0,38.8411529,-77.1942159,-0.23088512037395736
133,4510.0,38.8416805,-77.18265459999999,-0.07262923587301756
134,4520.0,38.8340905,-77.1741035,0.5848639133370488
135,4527.0,38.844922499999996,-77.1366812,-0.1813739267688841
136,4504.0,38.8613778,-77.168111,-0.16593810865038533
137,4505.0,38.8638076,-77.1822599,-0.41437988029170225
138,4509.0,38.851893200000006,-77.1846864,-0.31312389225657455
139,4511.0,38.841873,-77.1604468,-0.09847104379684725
140,4512.0,38.8518281,-77.16349129999999,-0.015291350025590032
141,4513.0,38.8675675,-77.15334200000001,0.8446959098567781
142,4518.0,38.8325681,-77.14388690000001,-0.29834222356943074
143,4514.0,38.8705476,-77.14666,1.157452327749788
144,4526.0,38.801028499999994,-77.1522382,1.2191651251435005
145,4915.02,38.863428799999994,-77.4132541,-0.04502333970339569
146,4916.01,38.8862621,-77.4310948,-0.47465040631930494
147,4912.01,38.8418713,-77.4481326,-0.3716667486988882
148,4901.01,38.863001399999995,-77.4390651,-0.1529054642209513
149,4913.03,38.8353021,-77.4381989,-0.81580974100897
150,4912.02,38.8417479,-77.4373213,-0.19985447025848657
151,4911.01,38.8581244,-77.4850255,-0.15750300419270624
152,4911.02,38.8563247,-77.4679398,0.614487198503293
153,4913.01,38.8153572,-77.4689535,0.40034826714112315
154,4914.03,38.820893700000006,-77.41968409999998,0.06550786313830162
155,4914.02,38.8239325,-77.4318159,-0.37552831295651984
156,4914.01,38.831311,-77.4267703,-0.40223436100532695
157,4911.03,38.839926,-77.46055849999999,-0.6742344215450176
158,4222.01,38.7139898,-77.23847359999999,-0.13234448849777794
159,4811.02,38.9482775,-77.398649,-0.2126468530734972
160,4202.02,38.7925357,-77.14141049999999,-0.08689666103576742
161,4205.01,38.7887587,-77.06987729999999,-0.7488054038855966
162,4211.01,38.751538000000004,-77.1730967,-0.6051617803552951
163,4805.04,38.9823696,-77.35297170000001,0.17474771736628103
164,4822.01,38.959322,-77.3392984,-0.5316552304484952
165,4913.02,38.8317316,-77.4453461,-0.25636811491129385
166,4917.01,38.8615168,-77.37897029999999,-0.2752791957690896
167,4917.02,38.867313700000004,-77.36874859999999,0.3480422537229978
168,4917.03,38.8559099,-77.35470459999999,-0.04394647001562763
169,4308.01,38.7820054,-77.2235142,0.7258502648785126
170,4309.01,38.783615999999995,-77.244505,-0.07563391928265228
171,4211.02,38.754090999999995,-77.1557935,-0.3199362258906772
172,4301.02,38.802405,-77.30277149999999,-0.26583160424019225
173,4914.04,38.8133234,-77.4391388,-0.365816109286804
174,4914.05,38.8099471,-77.4265007,0.07647881644713056
175,4324.01,38.7671815,-77.27857159999999,-0.14443844611350928
176,4802.03,38.9269401,-77.2349884,-0.12685558862173618
177,4714.01,38.884946,-77.197672,-0.9508030388538291
178,4154.01,38.756996799999996,-77.07803249999999,-0.0003137061132179042
179,4322.01,38.791723700000006,-77.2976457,-0.17103081060908798
180,4525.02,38.8144783,-77.1509765,-0.9570960508279617
181,4523.01,38.8296898,-77.21528470000001,-0.29831561463512357
182,4922.03,38.721537,-77.2640245,0.1968241902685373
183,4812.01,38.947692700000005,-77.3842109,0.10687228407427242
184,4825.02,38.912187,-77.4139959,-0.08398643086563849
185,4401.0,38.8517375,-77.2575052,-0.1174217702957385
186,4611.0,38.8986774,-77.2916369,-0.40206149383800727
187,4221.02,38.6906011,-77.21825390000001,0.2626035959858457
188,4202.01,38.7876051,-77.14695340000002,-0.12897079484089458
189,4825.01,38.9379411,-77.4253807,0.31629233896836084
190,4811.05,38.937416299999995,-77.3984489,0.07602773143143934
191,4222.02,38.692487299999996,-77.2422645,-0.7150425769111545
192,4925.0,38.7872701,-77.3949078,-0.14386406793853274
193,4612.02,38.8622885,-77.3387862,-0.6952298879593153
194,4811.01,38.953729700000004,-77.40013559999998,0.12489838895215372
195,4823.01,38.9428688,-77.3440837,-0.11934396688926133
196,4922.01,38.7220253,-77.30380229999999,0.14875889642143605
197,4516.02,38.8515749,-77.1453705,0.8094829904202588
198,4528.02,38.8426749,-77.1158043,-0.8737273240653126
199,4823.03,38.9337357,-77.3361847,0.8073362583723196
200,4612.01,38.89265579999999,-77.3163106,0.06445078158275892
201,4618.02,38.8731644,-77.3066855,-0.2959920087984786
202,4605.02,38.9006141,-77.2268322,-0.31688165742764607
203,4605.01,38.910993100000006,-77.2332765,-0.09380638614597932
204,4802.02,38.924504299999995,-77.2235365,-0.22872502879846593
205,4918.03,38.874207,-77.3984158,-0.629999897531979
206,4826.01,38.8983115,-77.4148998,-0.15432914263804914
207,4616.02,38.878825799999994,-77.22965390000002,-0.4557059340866485
208,4616.01,38.8740234,-77.2597436,-0.8037916791629314
209,4607.01,38.883038899999995,-77.2535587,-0.3531358645624203
210,4619.01,38.8696092,-77.2861585,0.5965886802069216
211,4607.02,38.8926884,-77.26322009999998,-0.20190233472042093
212,4618.01,38.8750116,-77.2911753,-0.14510554500227457
213,4619.02,38.868339399999996,-77.3056845,-1.2960867676326522
214,4905.01,38.8368365,-77.4130304,-0.4195392436600772
215,4917.05,38.847357200000005,-77.3902035,-0.22447687392728746
216,4205.02,38.7912573,-77.0693031,-0.26024404917999094
217,4714.02,38.8828956,-77.205453,-0.3380068450674533
218,4713.04,38.8909813,-77.2052523,-0.38825905624806467
219,4712.02,38.9244045,-77.2048712,-0.4670841501562277
220,4712.01,38.917278100000004,-77.2148435,-0.07684303951368057
221,4802.01,38.9460097,-77.2176747,0.17699127852162488
222,4713.03,38.8963384,-77.2091691,-0.41839474301030716
223,4713.01,38.903655,-77.20818100000001,-0.23992089667470978
224,4804.01,38.9900395,-77.3051375,0.13331620782733072
225,4804.02,39.0175496,-77.3301107,0.0714097541316259
226,4805.02,38.994296500000004,-77.3831614,-0.0645186819084823
227,4820.01,38.9791196,-77.3264701,-0.012444201778132878
228,4805.01,38.999409299999996,-77.3609566,0.11563356587897927
229,4805.03,38.983268,-77.36631109999999,0.12467542072235294
230,4805.05,38.971038799999995,-77.3557937,-0.0010292332224264011
231,4822.03,38.9596339,-77.3624427,-0.1186885214224808
232,4808.02,38.972165600000004,-77.3751842,-0.0923916694257923
233,4808.01,38.978165399999995,-77.3870422,0.5517008781825266
234,4822.02,38.9547628,-77.3354192,1.8344912360361787
235,4820.02,38.977128,-77.3435082,-0.06363418402008851
236,4809.02,38.9604184,-77.383992,-0.6203437439012695
237,4809.03,38.958611,-77.3936813,-0.34687244852673305
238,4809.01,38.967567700000004,-77.39779399999999,-0.7581100249485616
239,4224.03,38.7740979,-77.1206148,-0.1799737884024067
240,4812.02,38.945301799999996,-77.3709608,0.9164503523055036
241,4302.03,38.8183398,-77.300003,-0.21544986178045486
242,4823.02,38.9367575,-77.3547552,-0.601910035166879
243,4915.01,38.8448499,-77.4171198,-0.2664386180095738
244,4918.01,38.857525200000005,-77.3946652,-0.06239280893576482
245,4917.04,38.8517641,-77.3661498,-0.2657700068724873
246,4825.03,38.9213474,-77.4057809,-0.12207866444827924
247,4916.02,38.8821315,-77.41529179999999,-0.8711954960803611
248,4901.03,38.890317700000004,-77.45584620000001,1.480187282249931
249,4918.02,38.867200700000005,-77.39628950000001,-0.04247385851479482
250,3002.0,38.8612003,-77.2914203,-0.342847430635976
251,3004.0,38.8463511,-77.3208099,-0.5002201149237571
252,3005.0,38.8403653,-77.29894,-0.24764355776270797
253,3003.0,38.8507997,-77.28101690000001,-0.6312222653766795
254,3001.0,38.858071,-77.31784300000001,-0.5482450989190294
255,22.01,38.949133700000004,-77.0232932,-0.17640589295053366
256,22.02,38.9479671,-77.0118568,-1.4916523650182867
257,23.01,38.9425896,-77.0165738,-1.0057485322622357
258,24.0,38.9417826,-77.02240570000001,-0.34392652309529326
259,25.01,38.9446515,-77.0317348,0.5677727700849617
260,25.02,38.9390531,-77.0301378,0.15623260873960043
261,26.0,38.946444299999996,-77.04044920000001,0.5981899222463295
262,27.01,38.934455799999995,-77.0416617,0.45392075512537655
263,27.02,38.930168,-77.04217740000001,-0.506631552462034
264,28.01,38.9349477,-77.0345166,1.8729195602861477
265,28.02,38.929430200000006,-77.0346297,4.130944333567952
266,29.0,38.9338466,-77.0298981,-1.3328484485819128
267,30.0,38.9288766,-77.0299411,-1.702510397430194
268,31.0,38.930589700000006,-77.02542220000001,-0.5595035288897499
269,32.0,38.932267700000004,-77.0211715,1.2502216075303663
270,33.01,38.9204185,-77.01146170000001,-0.9032231441212053
271,33.02,38.9138878,-77.01118670000001,0.3476385906311419
272,34.0,38.92163789999999,-77.01549729999999,-1.751169276063839
273,35.0,38.9223787,-77.02434129999999,0.18066569745403482
274,36.0,38.9236739,-77.0296267,3.5401497184795003
275,37.0,38.9228678,-77.03432959999999,-0.17643155425921764
276,38.0,38.9216314,-77.0391808,1.998308454814963
277,39.0,38.9249705,-77.0439028,2.098262221818883
278,40.01,38.920873799999995,-77.0462674,0.3391380129345396
279,40.02,38.9180992,-77.04373819999999,-0.6059148204381202
280,41.0,38.915933700000004,-77.05161509999999,0.47522785200095796
281,42.01,38.9162076,-77.03884559999999,0.41560557499577966
282,42.02,38.9134044,-77.0430359,-0.5527715763307808
283,43.0,38.9168035,-77.034151,1.1820687422138167
284,44.0,38.9170144,-77.0275919,0.249924266488465
285,46.0,38.909737400000004,-77.01331540000001,0.5417896442261922
286,48.01,38.91174,-77.019532,3.0672031080210758
287,48.02,38.9062165,-77.01889440000001,2.4188679455261406
288,49.01,38.9113298,-77.0244762,0.8066166975939151
289,49.02,38.9058868,-77.0243932,-1.1404878711823743
290,101.0,38.902694399999994,-77.0318452,-0.8670749376662767
291,53.01,38.910779,-77.0389515,-0.7146210106861813
292,107.0,38.9039989,-77.0419809,0.059764942476098315
293,56.0,38.9002221,-77.0539253,-0.27994965174383224
294,108.0,38.8973521,-77.0446119,-0.08447949021594292
295,58.0,38.89787329999999,-77.02500069999999,0.34145733198904116
296,59.0,38.8960049,-77.0149464,1.8595368213630912
297,64.0,38.8688031,-77.01138470000001,0.10881085685080527
298,102.0,38.8823932,-77.02302370000001,-0.7416386674546122
299,3.0,38.9179552,-77.0748672,-0.7435323376171113
300,110.0,38.8681789,-77.01824549999999,-0.9532696135849233
301,65.0,38.8838118,-77.0033907,-0.7553721402804636
302,67.0,38.8875982,-76.9899598,-0.7761599772630942
303,66.0,38.8877034,-76.9983053,-0.64600745125654
304,70.0,38.881327500000005,-76.9959254,0.5710708300225731
305,68.01,38.88773,-76.9801035,-1.286651416948497
306,68.02,38.8831749,-76.98146820000001,0.13168952075108953
307,69.0,38.8836357,-76.98735090000001,1.0586330962477692
308,74.03,38.848463,-76.97443299999999,-2.2404517693831383
309,71.0,38.8770903,-76.9852175,1.5430730722504444
310,72.0,38.8756902,-77.001305,1.2238507894412982
311,73.04,38.8417975,-76.9855623,0.2571203571903311
312,74.01,38.866561700000005,-76.996236,0.49065009565518336
313,74.04,38.8503102,-76.98203029999999,1.346352212341757
314,74.06,38.8555134,-76.9895725,-1.5959931173878346
315,74.07,38.857467,-76.9850579,1.2516534808947715
316,74.08,38.8526236,-76.97116640000002,0.4113863831417839
317,74.09,38.8452834,-76.97432679999999,0.2597741238996014
318,75.02,38.8566328,-76.969545,2.343399802326292
319,75.03,38.8639864,-76.9869813,7.157149939673358
320,75.04,38.8610018,-76.97940899999999,0.8896523366592817
321,76.01,38.871632700000006,-76.97981850000001,-1.4941831638252001
322,76.03,38.859109100000005,-76.95854659999999,-2.0231441508834207
323,76.04,38.8660869,-76.96379590000001,1.236042380040256
324,76.05,38.866043299999994,-76.9752566,-1.3356313770591837
325,77.03,38.8863224,-76.947455,-0.32360597050389606
326,77.07,38.87794,-76.9353607,-1.9341245473169701
327,77.08,38.8877976,-76.9593678,-2.908292144310771
328,83.01,38.897037299999994,-77.0008009,0.40701677382993606
329,83.02,38.8963061,-76.9966527,0.4433055286515106
330,84.02,38.8986056,-76.99107940000002,-0.06286842594660369
331,84.1,38.901553,-76.9911172,1.1017526110747693
332,106.0,38.9033049,-77.0033304,-0.4006572226121845
333,87.01,38.9140985,-77.0062781,-1.2561368865464229
334,87.02,38.914875099999996,-77.001463,0.4168467741968731
335,88.02,38.9039352,-76.9866495,0.3447183857418519
336,88.03,38.9104297,-76.99133690000001,-1.5293607644149732
337,99.04,38.8851565,-76.93113620000001,-1.3920029378771859
338,99.05,38.8843187,-76.9250526,-0.3788203474438041
339,99.06,38.88791129999999,-76.9359192,-1.4261021325835492
340,99.07,38.8827718,-76.9388146,-1.1784639907101249
341,55.0,38.90779129999999,-77.0493321,-1.1022223920025132
342,50.02,38.9072747,-77.0293193,1.8811857035502229
343,50.01,38.9119189,-77.0295156,1.352578293324578
344,47.01,38.9041361,-77.0136464,1.8780019022751917
345,47.02,38.900867600000005,-77.0136052,2.199855063278245
346,88.04,38.910233899999994,-76.98122790000001,-1.0116768714381936
347,89.03,38.9041111,-76.9777113,-0.9608737022366476
348,89.04,38.9009421,-76.9748483,-1.1064965168469665
349,111.0,38.9161389,-76.9693392,7.677405114678333
350,98.01,38.8328939,-76.9963306,0.5234640759051437
351,92.01,38.928775,-76.9989367,-1.3451881742246072
352,98.11,38.826649700000004,-76.99846109999999,0.4283309043830017
353,98.1,38.826037,-77.0037886,-3.0214403544625883
354,91.02,38.917075,-76.9903815,0.3948872427454222
355,92.04,38.9234131,-76.9987667,0.668291478111267
356,92.03,38.921974,-77.0055322,-0.5452741473712914
357,94.0,38.936776200000004,-76.97423909999999,6.035691668180043
358,93.01,38.9307338,-76.986391,2.0123984515180386
359,93.02,38.9251124,-76.9908534,1.2519749008681984
360,95.01,38.941824700000005,-77.0029264,-0.9897318397517443
361,95.03,38.943166600000005,-76.9848954,-0.7738950040065655
362,95.05,38.961964,-77.0051992,1.140655985261866
363,95.07,38.958501299999995,-76.9977711,-0.5529312394261048
364,105.0,38.8818414,-77.0133613,-1.370116559617383
365,77.09,38.8800513,-76.9674933,-1.4089339792634723
366,78.03,38.8962674,-76.9407751,-1.3678138361798484
367,78.04,38.8942107,-76.9313427,2.518971096616272
368,78.07,38.8985727,-76.9210476,1.8626495656110453
369,78.08,38.89222120000001,-76.91920259999999,2.6245999099526154
370,7.02,38.9241146,-77.0790316,-1.0403039001186623
371,95.04,38.9409336,-76.9930948,1.22607583903771
372,78.06,38.905603899999996,-76.932688,2.0475256681791887
373,1.0,38.9060174,-77.0601874,-0.320483469434731
374,2.02,38.906304399999996,-77.0696334,-0.6321559573510431
375,4.0,38.922787799999995,-77.0647964,-0.6332735830776512
376,5.01,38.926454799999995,-77.051434,0.28668259926458783
377,95.08,38.954272100000004,-76.9997922,2.044273182010818
378,95.09,38.949191799999994,-76.99496309999999,-0.42758308699280745
379,96.01,38.909129,-76.949061,-0.36239302429600695
380,96.02,38.900754,-76.9553145,-0.32742315072138517
381,96.03,38.891832,-76.94789899999999,0.6529356584674741
382,96.04,38.893157200000005,-76.9585043,-0.5913115174625219
383,97.0,38.83541829999999,-76.9870273,2.704202249445844
384,98.03,38.8358693,-77.0040833,0.30009505788629687
385,5.02,38.9283547,-77.0595624,-0.7799848897855747
386,6.0,38.9368114,-77.0675114,-0.7684814759752014
387,7.01,38.9295439,-77.0766672,-0.7035444925105754
388,52.01,38.9102026,-77.03412320000001,2.5470800694833193
389,8.01,38.9237667,-77.09173270000001,-0.535660880882641
390,8.02,38.9112783,-77.0871196,-0.5273051711877442
391,9.01,38.93843629999999,-77.100424,-0.06766381894239672
392,9.02,38.9285125,-77.1077517,0.0802290725886523
393,10.01,38.9489549,-77.0884652,-0.515453152126686
394,10.02,38.9383526,-77.078194,-0.9660258265008762
395,11.0,38.95724370000001,-77.0776735,1.108839620387575
396,12.0,38.9462265,-77.0705246,-0.6242359867199617
397,13.01,38.951921500000005,-77.05205079999999,-0.6790875549090144
398,13.02,38.942043,-77.0556067,-1.0235984683877977
399,14.01,38.965304100000004,-77.07060909999998,-0.6016392209353901
400,14.02,38.9606051,-77.06309329999999,0.3717569971487338
401,15.0,38.9741576,-77.0558797,-0.1033834104248726
402,16.0,38.9849725,-77.0382324,0.7899942857534055
403,17.02,38.9717869,-77.01606579999999,2.939509709110615
404,78.09,38.9015405,-76.9321954,-1.741367427603762
405,81.0,38.8931929,-76.99252779999999,0.3393110152515558
406,79.01,38.8965143,-76.9804422,-0.9959547788533871
407,79.03,38.8963838,-76.9743348,0.779443861415255
408,80.01,38.8961938,-76.9866545,-1.0262232817448762
409,80.02,38.891537899999996,-76.98276329999999,1.1716967071141466
410,90.0,38.9244739,-76.9561364,3.824191431494217
411,82.0,38.891830299999995,-77.00062270000001,-0.5758876084906539
412,103.0,38.9767092,-77.0287627,-1.4497968287239056
413,18.03,38.967299100000005,-77.0417586,-1.9036828293188885
414,18.04,38.967094200000005,-77.0304333,-1.2085077121569747
415,19.01,38.9646861,-77.0236318,0.7696055293889141
416,19.02,38.9639666,-77.0156075,-0.10637854922107715
417,20.01,38.9597031,-77.035087,1.4476728424022944
418,20.02,38.9525005,-77.031082,0.014679866920391471
419,21.01,38.955913,-77.024132,-1.5924194594546301
420,21.02,38.955785399999996,-77.0142359,-0.3837146944147978
421,98.04,38.839661,-76.9978353,2.47252543510516
422,98.07,38.829213200000005,-77.0117532,1.1247664977587384
423,109.0,38.8132451,-77.0238468,-0.37686006968501307
424,104.0,38.8499766,-77.0004103,2.171596555382327
425,98.02,38.8307312,-76.9965578,-2.965725882200799
426,99.01,38.8753462,-76.9553332,0.03617528432757644
427,99.02,38.8717863,-76.9445538,3.454641413875616
428,99.03,38.8882875,-76.9211942,0.33364758746287104
429,1002.0,38.9038402,-77.14209220000001,-0.1581611333624854
430,1030.0,38.833650899999995,-77.0893713,-0.21716101709001642
431,1001.0,38.895757399999994,-77.1580593,-0.0653142582388314
432,1003.0,38.9154001,-77.12869479999999,0.07254461313663624
433,1022.0,38.857764200000005,-77.11827609999999,0.3856486046719758
434,1015.0,38.891424900000004,-77.09620229999999,-0.9351875185351453
435,1011.0,38.885392100000004,-77.1524959,-0.315966921278357
436,1007.0,38.89071320000001,-77.12058809999999,1.32866673888047
437,1004.0,38.9115241,-77.1059493,0.1657270348028826
438,1021.0,38.8635684,-77.1247501,1.425543420865902
439,1038.0,38.847485,-77.07312900000001,-0.6364481918006111
440,1031.0,38.85117879999999,-77.08296870000001,1.562078574413603
441,1009.0,38.886757200000005,-77.13233879999999,-0.3455283578620738
442,1010.0,38.8882361,-77.1411703,-0.07789802274670661
443,1008.0,38.894651399999994,-77.1281402,-0.3735661396310927
444,1012.0,38.8729008,-77.1381893,-0.31872906436910875
445,1013.0,38.8738561,-77.1227747,-0.5198405920113164
446,1005.0,38.9017954,-77.1138666,-0.07365556205801764
447,1006.0,38.893617,-77.1086045,0.5419233422474582
448,1019.0,38.8779299,-77.0979915,-0.3654386560516051
449,1024.0,38.8706362,-77.0891324,-0.5797152230013083
450,1032.0,38.8598174,-77.0833822,-0.6422808680071049
451,1026.0,38.855401,-77.09371290000001,0.8602278465519202
452,1025.0,38.866143900000004,-77.0801468,-0.6450059126234935
453,1033.0,38.862796,-77.07306390000001,0.0243672119806686
454,1037.0,38.85035739999999,-77.0637772,-0.07794996215314048
455,1034.02,38.856846000000004,-77.0497298,-0.9316499165892325
456,1016.01,38.899479299999996,-77.08054229999999,-0.26800834792897993
457,1016.03,38.896170399999995,-77.07488409999999,-0.7620957806056275
458,1014.01,38.8816986,-77.1180991,-0.26882953541524646
459,1014.04,38.8828965,-77.1051082,-0.6558804836302543
460,1014.03,38.8806395,-77.1105546,-0.8450089272529351
461,1014.02,38.8857512,-77.112413,-0.5320530436214205
462,1020.03,38.8719267,-77.10662090000001,-0.13876801305417108
463,1023.01,38.8663958,-77.1054205,0.568756128540171
464,1020.01,38.8754073,-77.1106156,-0.566768455411122
465,1020.02,38.8785979,-77.1050493,-0.46065156383604877
466,1023.02,38.861580200000006,-77.10303979999999,0.36207372615401734
467,1018.03,38.8789451,-77.0886545,-0.3543089086582314
468,1017.03,38.8893226,-77.0748855,-0.32601675186462387
469,1017.02,38.8927845,-77.0740123,-0.882911918985931
470,1028.01,38.8512074,-77.11118590000001,-0.5021966664700909
471,1028.02,38.8465633,-77.1031407,-0.11760538106747334
472,1027.01,38.8558721,-77.1020908,-1.1762041835181571
473,1027.02,38.851043100000005,-77.09826109999999,0.7275522718011979
474,1035.01,38.862735,-77.06567840000001,-1.1168820749372144
475,1029.01,38.8391008,-77.0993187,-0.050805411132552894
476,1036.01,38.8536813,-77.0594233,-0.3163218379637332
477,1035.02,38.8615847,-77.05896820000001,-0.9983977212505162
478,1036.02,38.854079399999996,-77.05370429999999,-1.0198164666645333
479,1017.01,38.8898414,-77.08137059999999,-0.9798864643506074
480,1018.02,38.887845399999996,-77.08683719999999,0.1883733723534463
481,1016.02,38.8940361,-77.0838071,-0.6728667658130063
482,1018.01,38.885338700000005,-77.0926183,-0.38405593308794683
483,1035.03,38.8607388,-77.0534309,-0.9670500855294958
484,1029.02,38.8405152,-77.09290240000001,-0.10692813562507925
485,2001.02,38.8336077,-77.1254322,0.3187179493261407
486,2001.04,38.8288283,-77.1210828,-0.9279264866824294
487,2001.05,38.832743900000004,-77.1133333,-0.2820672718796152
488,2002.01,38.8272323,-77.0986798,-0.397119715384822
489,2002.02,38.8170866,-77.0974999,0.13254963937322223
490,2003.01,38.826106,-77.11644940000001,-0.7338480814942645
491,2003.02,38.819412400000004,-77.11739370000001,1.0933866996798192
492,2003.03,38.8160692,-77.12602249999999,-0.031238210301543612
493,2005.0,38.8154435,-77.1078473,-0.9740283966300104
494,2006.0,38.8074236,-77.0984848,-1.0850878469744298
495,2008.01,38.816599200000006,-77.0808784,-0.19056274430165918
496,2008.02,38.8091227,-77.0785166,-0.580019427501371
497,2009.0,38.8260173,-77.0753542,-0.11177209110586918
498,2010.0,38.8377946,-77.08148670000001,-0.06656738560166964
499,2011.0,38.8364281,-77.0724624,-0.28350342641165055
500,2012.02,38.8327236,-77.0634791,0.716345180088708
501,2012.03,38.840005600000005,-77.0640833,0.44163920362545706
502,2012.04,38.834114299999996,-77.05599659999999,0.5257341286927703
503,2013.0,38.8235662,-77.0544032,0.6912157578491249
504,2014.0,38.8219432,-77.0616811,0.6710290621104047
505,2015.0,38.8136652,-77.0649034,0.4102014136288691
506,2016.0,38.8114727,-77.0516935,-1.3707822696122545
507,2018.01,38.8244812,-77.0445501,0.38314122755788516
508,2018.02,38.807414200000004,-77.0424766,0.826988551537645
509,2019.0,38.8049862,-77.0509459,1.8182607132715294
510,2020.01,38.800584,-77.04394479999999,-0.02812901024705325
511,2020.02,38.792494500000004,-77.042361,-0.16515568278025755
512,2001.03,38.8238006,-77.1361042,-1.198948243408474
513,2001.06,38.838238399999994,-77.1138004,1.0165539181497234
514,2001.07,38.8367423,-77.1054408,-0.5784301925713594
515,2004.05,38.8077581,-77.1311387,-1.3108740061030815
516,2004.06,38.8116899,-77.13602370000001,-0.6395538750165338
517,2004.07,38.8098125,-77.14167359999999,-0.8979586518033418
518,2007.02,38.80177929999999,-77.0664571,-0.6776105002349211
519,2007.01,38.8042427,-77.08435329999999,0.08150076515273308
520,2007.03,38.7968356,-77.05711490000002,-0.40149111670204796
521,2004.04,38.8082941,-77.11965090000001,-0.15870209727968954
522,2004.03,38.803148799999995,-77.1228609,-0.23144168693561645
523,4701.0,38.959099,-77.1613045,0.2621158808205294
524,9202.0,38.7668304,-77.4353269,0.27300276580955185
525,7008.15,39.161855700000004,-77.266829,-0.7356068640142736
526,7032.09,39.0388686,-77.03399209999999,0.1702139556028156
527,7003.06,39.170378799999995,-77.2864135,-0.4661977823795485
528,7032.1,39.032574,-77.0142828,0.6045368085018661
529,7046.0,38.9970126,-77.1178254,-0.0722210872242786
530,7044.01,39.021881799999996,-77.11472979999999,-0.3457191949669265
531,7058.0,38.9644055,-77.13977249999999,0.026500209358972085
532,7053.0,38.9697233,-77.0795316,0.028981625179821304
533,7017.04,38.97582979999999,-76.9981538,0.15774747098894093
534,7026.02,38.993794,-77.0479868,-1.0514439687115078
535,7028.0,39.006027100000004,-77.0431996,-0.5448432243386812
536,7032.15,39.0845735,-77.05423329999999,-0.8320645069035547
537,7007.11,39.13577670000001,-77.1669035,-0.4449864670636551
538,7057.01,38.965807500000004,-77.11569920000001,-0.11913452665696134
539,7045.02,39.0090871,-77.13640500000001,-0.13072612977010706
540,7033.02,39.073679399999996,-77.08192109999999,-0.5384817634351872
541,7032.13,39.0896375,-77.0759219,-1.8797943867317783
542,7017.03,38.984485,-76.9911675,1.477158279415181
543,7013.13,39.1351455,-77.07773399999999,-0.04798337369364638
544,7034.03,39.061620500000004,-77.06242759999999,-0.7882406905569868
545,7013.12,39.152831799999994,-77.0801732,-0.015512657846078425
546,7008.17,39.1073376,-77.1988364,-0.6011233092322931
547,7054.0,38.9787042,-77.0836359,-0.11330590668272826
548,7034.02,39.0695097,-77.0691228,-1.1235835174564206
549,7012.02,39.038343,-77.0989407,-0.18591019414860774
550,7004.0,39.2138619,-77.36984009999999,-0.2445567055865554
551,7001.03,39.2251343,-77.1155012,-0.12366119603463546
552,7019.0,38.9930811,-76.9999609,1.3010972983424165
553,7001.01,39.2251848,-77.1703743,-0.2887384296500395
554,7007.06,39.153954999999996,-77.23353540000001,-0.757597273960829
555,7002.05,39.2335974,-77.2211931,-0.4245589298815725
556,7010.02,39.0625699,-77.1647517,-0.05319107265986874
557,7039.02,39.031601,-77.03998259999999,2.2093900298119715
558,7033.01,39.070122399999995,-77.09355759999998,-0.3935897370870873
559,7017.01,38.9767537,-77.0074467,0.3720539938350592
560,7012.13,39.037401200000005,-77.11499350000001,-0.6312348016753978
561,7023.01,39.000056,-77.00438050000001,-1.0629782524370002
562,7008.18,39.1786599,-77.25701690000001,-1.3305881847767793
563,7003.04,39.204108500000004,-77.2524475,-0.5108296154818072
564,7013.08,39.131353999999995,-77.06120109999999,0.7384923006795271
565,7013.07,39.1562305,-77.1111683,-0.21530075449523048
566,7003.09,39.186930700000005,-77.2667462,-1.065524186146076
567,7040.0,39.021702000000005,-77.0531868,0.24550626860829639
568,7007.04,39.1298549,-77.1791995,0.5209319085572606
569,7005.0,39.1234369,-77.43973790000001,-0.2424323476578526
570,7015.06,39.053527200000005,-77.0045016,1.667978761963222
571,7032.08,39.0482659,-77.0170526,0.8210577888354255
572,7002.06,39.2498864,-77.1781752,-0.305650377783039
573,7011.02,39.0723732,-77.1243414,0.24883504659017575
574,7003.08,39.19725220000001,-77.2759335,-0.5391888183318507
575,7018.0,38.982394799999994,-77.0120903,0.7062768462118256
576,7024.02,38.9929903,-77.01782259999999,1.2160713513410464
577,7024.01,38.9891295,-77.0086375,-0.43008848519684134
578,7026.01,38.992886799999994,-77.0336931,-1.6724570980845543
579,7022.0,39.009368200000004,-77.00659250000001,-0.32544909671439604
580,7021.01,39.0084284,-76.99441829999999,0.8165556868323292
581,7030.0,39.0184427,-77.02149449999999,1.8025938966811113
582,7057.02,38.9541484,-77.11083409999999,-0.04887001441609937
583,7027.0,38.9994669,-77.0551005,-1.3142724484587636
584,7008.1,39.1874145,-77.20713609999999,0.024443510867342644
585,7002.04,39.3094068,-77.22055490000001,-0.7321476924307389
586,7010.05,39.082350299999995,-77.1669052,-0.24511994148084337
587,7014.08,39.126394899999994,-76.969321,0.36620037250242
588,7003.1,39.1826114,-77.28341440000001,-0.5962371197968764
589,7056.02,38.9609095,-77.0903329,-0.8694588126814095
590,7059.02,38.9798715,-77.1410681,0.06725383408743771
591,7056.01,38.956664200000006,-77.1006777,-0.07889700910412485
592,7017.02,38.9895376,-77.0025597,-1.0451822530503005
593,7034.04,39.054798999999996,-77.0700628,-0.6672253714048195
594,7012.15,39.029724,-77.1170901,-0.6410581154207987
595,7014.14,39.0726448,-76.9660918,2.2763309809483374
596,7008.35,39.198082799999995,-77.22737990000002,-0.19544325234812684
597,7003.12,39.243546,-77.29169509999998,-0.5041852218903665
598,7002.07,39.2718745,-77.21761629999999,-0.681428213441864
599,7002.08,39.2893614,-77.1869184,-0.4583822018164281
600,7013.17,39.194499900000004,-77.0552062,-0.11064014434986093
601,7008.19,39.1666255,-77.2488177,-0.6535487248485966
602,7015.07,39.0833905,-77.013595,0.5357772370136997
603,7006.08,39.0580588,-77.2582723,0.08632114986345807
604,7032.07,39.0533032,-77.034083,0.5857032586161384
605,7006.04,39.0966333,-77.3023745,0.06979140464593181
606,7012.05,39.0404032,-77.1341468,-0.13980504821511539
607,7014.17,39.0769598,-76.9381795,-0.8152059657170923
608,7006.1,39.1391461,-77.2548686,-0.2540542972057258
609,7010.04,39.0983286,-77.16773420000001,0.6419056591629195
610,7001.05,39.17513220000001,-77.16353670000001,-0.5128240670253813
611,7001.04,39.1893059,-77.1738119,-0.3100759635124109
612,7007.2,39.149434299999996,-77.17738759999999,-0.8405319571361545
613,7008.3,39.183451299999994,-77.2480647,0.7215215316898249
614,7003.11,39.23748079999999,-77.25681999999999,-0.4129695955057845
615,7008.33,39.1789032,-77.2285344,-0.6201969373878543
616,7007.22,39.1607576,-77.2178423,0.21485787506598586
617,7060.07,39.046463,-77.2137238,0.2708115445042682
618,7008.11,39.1817227,-77.19382270000001,-0.8869947097527027
619,7012.11,39.1090766,-77.1540952,2.138838640601324
620,7013.03,39.10637929999999,-77.1021751,-0.39719864168604274
621,7032.02,39.0951706,-77.0938453,0.5539126967796807
622,7060.05,39.018559100000004,-77.18579840000001,1.2044060254439013
623,7009.03,39.0973131,-77.12915009999999,0.08693943910827306
624,7009.05,39.0573153,-77.1310328,-0.5772694720082552
625,7006.14,39.153243700000004,-77.2653454,-0.5085387814203519
626,7006.11,39.1576339,-77.31998370000001,-0.13383334813331163
627,7006.16,39.115209,-77.2516098,-0.13765058186560897
628,7008.2,39.143504799999995,-77.2333767,-0.5822291255375114
629,7008.23,39.1330126,-77.2347462,-0.1435242798704577
630,7008.29,39.125110600000006,-77.2197411,-0.2782711153749254
631,7008.22,39.1383602,-77.2271434,-0.6659577247872422
632,7008.26,39.1177084,-77.2343478,-0.12193089612635763
633,7007.16,39.160209,-77.1757967,-1.0503973878466182
634,7007.15,39.172927,-77.1863762,-0.9783415082989815
635,7035.02,39.0379826,-77.0818199,0.5619127259579646
636,7043.0,39.02350070000001,-77.09145409999999,-0.2032616658045588
637,7012.06,39.049741600000004,-77.16764079999999,-0.13869216950494478
638,7060.09,38.9959196,-77.1937901,1.0794926074945947
639,7060.08,38.9966198,-77.2227804,-0.01872128360131247
640,7013.06,39.138846799999996,-77.0958669,-0.29619490892354733
641,7008.24,39.119491,-77.2453881,-0.17472179406733687
642,7006.15,39.1004597,-77.2600468,0.02831203922163833
643,7012.2,39.0686855,-77.20565040000001,0.06157399642223114
644,7007.18,39.114627500000005,-77.18238819999999,0.7212932709655626
645,7007.17,39.133387400000004,-77.1962356,-0.3208202317729665
646,7007.19,39.1444519,-77.18788990000002,-1.201986495228701
647,7010.07,39.09846160000001,-77.1866392,-0.016547616894230673
648,7010.06,39.0800133,-77.1817319,-0.09648647332586462
649,7012.14,39.0295458,-77.0984428,-0.5476327440609525
650,7013.04,39.173303499999996,-77.076473,0.811223303051368
651,7047.0,38.98503,-77.10737459999999,0.009339104981384433
652,7045.03,39.006525599999996,-77.1191345,-0.1162904403967787
653,7045.01,39.017759999999996,-77.1345988,0.7198770364618854
654,7012.1,39.0628456,-77.18364150000001,-0.07099178094354279
655,7014.1,39.1123008,-76.9216385,-0.8121756848948991
656,7012.21,39.087641299999994,-77.2037745,0.6325776679901358
657,7008.28,39.1085195,-77.2239156,0.028021423215508892
658,7007.24,39.1396063,-77.2078764,1.1021658813125406
659,7007.23,39.1472968,-77.20277259999999,0.2741181669289895
660,7008.32,39.1700922,-77.23860959999999,-0.9405978969212574
661,7007.21,39.1632011,-77.2056587,-0.4959090881041016
662,7012.19,39.060092,-77.1089195,-0.9125022923620836
663,7007.13,39.1560857,-77.2011662,-0.4017679059009933
664,7009.02,39.0896404,-77.1442454,-0.908501401416804
665,7012.12,39.120631599999996,-77.1290395,-0.23113188115825317
666,7009.01,39.0865857,-77.1522413,0.8718265174847575
667,7010.01,39.0639215,-77.1397377,-0.44609421933038185
668,7008.16,39.1145222,-77.2108758,-0.8682035094826082
669,7008.13,39.172935700000004,-77.21345840000001,0.012056199437068926
670,7011.01,39.0802525,-77.1196862,-0.2599000167014739
671,7012.18,39.055667,-77.119682,-0.6566452503318648
672,7012.16,39.047872,-77.1157681,-1.021560670614183
673,7060.11,39.0379466,-77.1759645,0.06440786174329186
674,7060.13,39.0095058,-77.1589988,0.1444338134851111
675,7060.1,39.0254073,-77.1669057,-0.09335491598296117
676,7060.12,39.0278283,-77.15096700000001,0.34864138008351786
677,7023.02,39.0092375,-77.01879759999998,-1.0372553547712744
678,7008.12,39.1698251,-77.1994004,0.46819299514305357
679,7009.04,39.066094,-77.1292488,-0.9324026233735914
680,7012.01,39.0493315,-77.096695,-0.7354503680530481
681,7051.0,38.996402,-77.0735318,-0.006460616620824456
682,7006.07,39.0913104,-77.2267632,-0.19067192989807036
683,7006.06,39.0953713,-77.24447690000001,0.12921140409305734
684,7059.03,38.981761299999995,-77.1224052,-0.017455450247378893
685,7044.04,39.012097999999995,-77.0997213,-0.30776573208680025
686,7032.21,39.107751799999996,-77.04387059999999,-0.6693367181654691
687,7032.18,39.1071881,-77.07102359999999,-0.7256338360225637
688,7032.16,39.097822,-77.06902600000001,-0.7194431466776874
689,7013.15,39.1585208,-77.0527525,-0.25192781441248413
690,7013.16,39.1583685,-77.0068504,-0.30665816804957113
691,7013.14,39.1448093,-77.0599109,-0.3019946304356463
692,7031.0,39.0263734,-77.0220019,-0.3881289617934617
693,7032.06,39.072446899999996,-77.0546839,0.2535897194566694
694,7029.0,39.005657299999996,-77.0278118,-0.4462881066503897
695,7052.0,38.9837902,-77.065309,0.2019953235305539
696,7032.01,39.080826,-77.092528,0.3838731838770769
697,7036.01,39.0415285,-77.06938149999999,-0.4804134287812994
698,7020.0,38.9951948,-76.9932794,-1.0864392841586656
699,7014.21,39.051230100000005,-76.9633297,1.9065813329769137
700,7015.09,39.0331351,-76.97670959999999,-1.3059502681744912
701,7015.08,39.0450256,-76.978003,-0.07927917858969069
702,7014.2,39.0623855,-76.954573,-0.20820056217984684
703,7014.23,39.0865449,-76.9382927,-0.7648776168586452
704,7016.02,39.010712299999994,-76.9847238,1.8018058383612712
705,7016.01,39.0148909,-76.9762249,-0.440370643909865
706,7034.01,39.061400299999995,-77.0799698,-1.154751258585465
707,7035.01,39.0541684,-77.0878221,-0.07099737013526686
708,7050.0,38.998461299999995,-77.09061690000001,-0.4294471823411375
709,7015.03,39.0611527,-76.9892755,0.39845987335923283
710,7025.0,38.992133,-77.0271463,1.6620916558981433
711,7032.12,39.0765198,-77.0317006,-0.2240079522695142
712,7042.0,39.0264763,-77.0737283,-0.2865508831051454
713,7037.01,39.053311799999996,-77.0623358,-0.8257830096770192
714,7014.15,39.082897100000004,-76.985004,-0.7220727491903013
715,7032.2,39.0965164,-77.05095859999999,-1.31328053657118
716,7048.06,38.9903909,-77.0981946,0.5723392080686561
717,7048.04,38.983396500000005,-77.0935769,-0.49582048866869516
718,7048.03,38.9779292,-77.09643630000001,-0.5774077584454008
719,7055.02,38.9704494,-77.1018744,-0.1111754996309064
720,7055.01,38.9643821,-77.0914937,-0.62028012151705
721,7006.13,39.1400691,-77.2961179,-0.3214120118371206
722,7008.34,39.188636200000005,-77.23213630000001,-0.5505038818469884
723,7032.14,39.0851675,-77.0677188,-1.68368853363633
724,7014.09,39.0987025,-76.9523547,0.5817243157971681
725,7059.01,38.9959504,-77.1411463,-0.0029331865205473495
726,7014.07,39.1081025,-77.0147275,1.7081433417910383
727,7021.02,39.021989399999995,-77.0047129,-0.07305621496171785
728,7038.0,39.0361105,-77.0546305,1.3385168057003363
729,7037.02,39.0485744,-77.0563444,-1.296123628412653
730,7014.18,39.0710716,-76.9467417,-0.29955447402534835
731,7048.05,38.986496200000005,-77.09337959999999,-0.6971295732516816
732,7044.03,39.016569200000006,-77.1050036,-0.20780382674707368
733,7014.22,39.082984499999995,-76.94384690000001,-0.6182952444097557
734,7041.0,39.0169686,-77.07458879999999,-0.1378999017198926
735,7036.02,39.0315386,-77.0621522,-0.4682414266552406
736,7015.05,39.0285814,-76.9934153,0.008301034672967833
737,7039.01,39.0202612,-77.0362582,-0.7620507094478859
738,7007.1,39.144648700000005,-77.156163,-0.6756187575334871
739,8013.08,38.716155799999996,-77.0005236,-0.5814868562538609
740,8013.02,38.674113399999996,-77.03602740000001,1.2678801912582558
741,8013.07,38.7343272,-77.01038670000001,1.5780666228362328
742,8007.01,38.8401479,-76.8240487,-0.6879164741654662
743,8022.03,38.8520919,-76.8703511,3.1225638334269235
744,8022.04,38.871171000000004,-76.86139770000001,2.234601934759742
745,8019.01,38.8083643,-76.9269387,0.05848436735015361
746,8019.04,38.8123658,-76.9054437,-1.5970141763369505
747,8019.05,38.8295949,-76.9070677,-0.949930535259416
748,8024.06,38.855363,-76.9210862,-1.2400295700492905
749,8023.01,38.8571713,-76.8906646,1.844797932181523
750,8004.13,38.986244,-76.8269554,1.8761622261001976
751,8004.12,38.9839073,-76.8432886,0.41067684257318293
752,8005.14,38.956243799999996,-76.78462629999999,-0.2291539814758175
753,8024.04,38.864133700000004,-76.89099379999999,-0.48552704081118225
754,8019.06,38.8301619,-76.8882323,-1.145906282964686
755,8021.03,38.8487846,-76.8906618,-1.087909019264068
756,8021.04,38.837435,-76.87916009999999,-1.28374955191591
757,8018.02,38.8348739,-76.95046049999999,-0.20124508080557257
758,8018.04,38.840883899999994,-76.9580062,-1.0475745576364506
759,8018.05,38.8463923,-76.9558363,-1.5385004927550443
760,8025.02,38.8680794,-76.9286055,0.7183734192299429
761,8018.01,38.8291696,-76.9478967,-1.4179848618972573
762,8020.01,38.840151,-76.9194921,-0.4512768338004822
763,8005.04,38.96905,-76.7175633,0.4606752619469445
764,8005.05,38.9581189,-76.7306884,-0.4247048122538312
765,8005.18,38.929294,-76.769087,0.837393837397147
766,8006.08,38.8548774,-76.7422883,-0.5040977276907593
767,8005.11,38.9112951,-76.7294453,-0.8360449787039461
768,8005.09,38.887802,-76.7707432,-1.353609506612999
769,8009.0,38.6047116,-76.7242053,-0.5931483795897703
770,8012.07,38.7540318,-76.866987,-0.9364084139357801
771,8001.03,39.096692100000006,-76.8401149,1.2995580523245178
772,8001.05,39.1059477,-76.8747843,-0.6359785199874519
773,8073.05,39.0121779,-76.963551,0.4579263814860508
774,8059.08,38.971043200000004,-76.95532349999999,0.22464513773186756
775,8002.06,39.0428011,-76.82677340000001,-0.5080249390739773
776,8002.08,39.058217600000006,-76.86055290000002,-0.7256541626006084
777,8001.02,39.1060838,-76.85695229999999,0.31984611299466204
778,8002.03,39.101715000000006,-76.8998097,-0.46128687517126093
779,8015.0,38.8033492,-77.011977,-0.7725654526560286
780,8017.01,38.8066469,-76.9437236,-0.6660564162671614
781,8014.05,38.7986763,-76.98967320000001,2.767916642912901
782,8018.07,38.836389700000005,-76.97082009999998,-0.5587952722082645
783,8014.04,38.785068599999995,-77.01636090000001,-0.7825076586784525
784,8017.06,38.823161999999996,-76.9603063,-1.0696585688750369
785,8005.19,38.9266429,-76.72474009999999,0.21203883289812897
786,8005.2,38.9393802,-76.72209709999998,0.7425796503595125
787,8005.16,38.945488399999995,-76.7288201,-0.8029990723990996
788,8006.07,38.855257200000004,-76.77548440000001,-0.6514652632574214
789,8005.15,38.945693799999994,-76.74529509999999,-0.4901889364150471
790,8016.0,38.820343900000005,-76.9964495,-1.3969065691078806
791,8017.04,38.8234424,-76.980742,-1.4387836037882344
792,8017.02,38.810371200000006,-76.9586636,-0.13205779745427404
793,8035.08,38.92588320000001,-76.8617115,0.3749328195003714
794,8036.02,38.9418891,-76.8672198,1.8736236073472907
795,8035.21,38.92429129999999,-76.83663670000001,0.26321454685152
796,8035.23,38.9139506,-76.817803,-0.7028937130077741
797,8005.17,38.9121883,-76.7643693,-0.4788265133350552
798,8035.2,38.9351619,-76.8188213,0.5411159238320029
799,8035.27,38.8973278,-76.8189558,-0.9965368735876119
800,8064.0,38.975123499999995,-76.9460203,0.33679017013433243
801,8071.02,38.973844899999996,-76.9265387,-0.6648834445874854
802,8036.05,38.9692877,-76.8834488,-0.02509427847616985
803,8032.0,38.924117200000005,-76.89826529999999,0.17415758564444794
804,8036.01,38.939847,-76.84720420000001,-1.157638821909021
805,8033.0,38.91668610000001,-76.8909427,-0.531469455830827
806,8035.13,38.8866379,-76.8264499,-0.987548098481265
807,8034.01,38.9220181,-76.87272759999999,0.05584955893416799
808,8034.02,38.916041299999996,-76.8734415,0.9885279321637164
809,8004.01,38.9947235,-76.7252623,-0.4844771327553647
810,8066.01,38.9570326,-76.9138927,0.9779910377348944
811,8066.02,38.966522399999995,-76.91067679999999,0.12203151142418545
812,8035.09,38.9318797,-76.88159590000001,2.820735393318393
813,8036.13,38.958330100000005,-76.88559000000001,-0.46077033126095435
814,8036.1,38.963007,-76.8800488,-1.174038922101938
815,8004.02,38.983794,-76.7438042,-0.6067397304300537
816,8004.03,38.998163899999994,-76.7514702,-0.6278016199442943
817,8004.09,38.9840391,-76.7772427,0.48507664778963844
818,8067.12,39.00100379999999,-76.85559609999999,-0.813479696577072
819,8065.01,38.95922279999999,-76.93183459999999,2.2429486146823328
820,8060.0,38.9626487,-76.9617574,-0.049423585581938934
821,8007.07,38.805245,-76.7912595,0.3845339440317501
822,8007.05,38.7610914,-76.78653919999999,-0.7942673951363022
823,8010.04,38.725076,-76.8514,1.1196676865517383
824,8012.14,38.7981493,-76.84594150000001,0.6399257800394687
825,8007.06,38.776445,-76.8170861,0.3788133365517887
826,8010.06,38.7571643,-76.8230205,0.25083698165207546
827,8013.11,38.712091799999996,-76.94958570000001,-0.9815637866758554
828,8036.06,38.9724135,-76.8587378,1.0267425194024655
829,8036.07,38.9655015,-76.8352814,1.403047017558698
830,8036.08,38.9550748,-76.85062629999999,0.8570481366595104
831,8067.06,38.98885739999999,-76.89873730000001,-0.48794432227324874
832,8068.0,38.98952379999999,-76.9129902,0.5390135944086638
833,8073.01,39.0107331,-76.9438318,-0.7558687796820077
834,8061.0,38.9569825,-76.9549813,-1.231213066032491
835,8062.0,38.95511629999999,-76.9466342,-0.051351387588672415
836,8052.02,38.971338,-76.98584579999999,-1.288922207572718
837,8055.0,38.979651399999995,-76.9818138,-1.0536228112328023
838,8058.01,38.9783801,-76.96739170000001,-0.7162370581488716
839,8059.04,38.9957928,-76.96844300000001,1.4761780748575652
840,8020.02,38.847916299999994,-76.9150059,2.43192136117647
841,8069.0,39.0128759,-76.9195047,1.913432146867508
842,8070.0,38.9977381,-76.9282772,-0.0714438500541883
843,8025.01,38.8623316,-76.94479709999999,-0.20944802704337295
844,8067.1,38.986222,-76.8729085,0.36683474167176844
845,8049.0,38.9505909,-76.9773684,0.9146328619339437
846,8050.0,38.961400899999994,-76.98281379999999,4.485717714304157
847,8051.01,38.9626634,-76.9758623,0.29649603220878484
848,8067.08,39.0029849,-76.8791651,2.3517137176932774
849,8004.08,38.9733589,-76.8070622,0.2505179433389947
850,8036.12,38.9506767,-76.8757327,1.071230009423616
851,8035.19,38.8951345,-76.8590949,0.8200660831464373
852,8035.12,38.8768619,-76.8295059,-1.2000360809012818
853,8052.01,38.9664201,-76.99546190000001,0.5030931795677467
854,8058.02,38.9742008,-76.97442159999999,0.18158989559682204
855,8067.11,38.9842698,-76.8580358,0.13282884367605408
856,8057.0,38.993184,-76.979425,2.1080187828293973
857,8012.09,38.734462799999996,-76.903318,-1.191898642716153
858,8013.13,38.7430503,-76.9817003,-0.7377460313710035
859,8012.11,38.7827065,-76.90589279999999,-0.9011865910002034
860,8012.15,38.764819,-76.8485431,-0.6301828132265597
861,8010.05,38.7550547,-76.83657740000001,-0.8155518391445052
862,8012.17,38.765167,-76.89036379999999,-1.1307244658748474
863,8035.16,38.9536795,-76.8176267,1.2795808822422887
864,8017.07,38.8131082,-76.9848816,0.4398163454679298
865,8017.08,38.8159239,-76.96475509999999,0.4303341205290565
866,8018.08,38.8327451,-76.96252890000001,-1.4674579233743943
867,8024.05,38.858393400000004,-76.9353309,-0.494201275908962
868,8014.06,38.777159499999996,-76.98001359999999,-0.9008063628480684
869,8014.07,38.792035999999996,-76.94999399999999,-0.09789455397656344
870,8006.04,38.851408500000005,-76.7107073,-0.7767732968519346
871,8006.06,38.82777279999999,-76.762364,-1.1323222090500193
872,8013.09,38.710252399999995,-77.0317003,-0.27376271378553246
873,8022.01,38.848001700000005,-76.85398190000001,1.0087562565918313
874,8028.03,38.8737102,-76.90542459999999,0.053942761201370315
875,8026.0,38.875552899999995,-76.9241902,-0.8575774473979645
876,8047.0,38.939845399999996,-76.96262940000001,4.123845925166857
877,8027.0,38.88401339999999,-76.914355,3.610016763054687
878,8002.09,39.086564200000005,-76.8498905,-0.9815528270596299
879,8001.06,39.095389600000004,-76.8795699,-0.5694244484946969
880,8002.11,39.0771084,-76.8420612,1.5171535904419784
881,8002.1,39.0769099,-76.8552627,-0.5845891116466638
882,8012.08,38.746846999999995,-76.8906971,-0.822631924497335
883,8012.16,38.752306899999994,-76.9148974,1.9515760681543988
884,8012.1,38.7684717,-76.9235417,-0.9379882603044642
885,8012.13,38.774775399999996,-76.9393046,-1.0414262790297568
886,8014.09,38.7897293,-76.98193470000001,-0.16329489193054902
887,8014.11,38.770074799999996,-77.00112929999999,0.03735820348049523
888,8028.04,38.880728999999995,-76.8789656,1.5107360220384043
889,8029.01,38.893742700000004,-76.90340440000001,3.031460672298029
890,8030.01,38.9025825,-76.91111070000001,1.9399018790396827
891,8030.02,38.9032756,-76.8954371,-1.3561692293218106
892,8031.0,38.9092635,-76.916304,-0.6469209231404707
893,8028.05,38.8939623,-76.8877306,1.6553823935113596
894,8035.14,38.9054179,-76.8398234,2.0744746739633655
895,8056.02,38.989362799999995,-76.98076,-0.32464198105601116
896,8056.01,38.990458700000005,-76.9845266,0.18815439271091983
897,8074.08,39.0394983,-76.8891802,1.3377277676001569
898,8014.1,38.7564194,-77.023794,-0.5705764706240455
899,8019.08,38.8445776,-76.9439886,-1.5202546552320155
900,8019.07,38.8269154,-76.9358548,1.9600527139745938
901,8024.08,38.8648685,-76.91862840000002,0.8740739073633277
902,8021.07,38.842688,-76.9026684,-1.5026834943204268
903,8035.22,38.9033373,-76.8097138,-0.824389948196813
904,8074.04,39.0368587,-76.9073024,0.16146216712076966
905,8074.07,39.0682684,-76.9227597,-0.5604181243511254
906,8074.05,39.0367419,-76.92887309999999,3.2861260910183376
907,8073.04,39.0249698,-76.9594589,-0.5240441837521979
908,8037.0,38.9434229,-76.888182,0.0667816557067139
909,8039.0,38.9492635,-76.92197900000001,-0.8507201584297904
910,8001.09,39.098948,-76.8657084,0.03476816372231284
911,8002.13,39.0861685,-76.86339559999999,0.4237106264242848
912,8035.25,38.909692799999995,-76.871955,0.740762693963809
913,8035.24,38.9037925,-76.882056,-1.6142764515892676
914,8067.13,39.0013909,-76.9025767,-0.4027266648642925
915,8048.02,38.950638700000006,-76.9631154,-0.22293691033526697
916,8059.07,39.004930200000004,-76.9784972,-0.9911919615887544
917,8059.09,38.976907399999995,-76.9604869,-1.3308093125029785
918,8040.01,38.946613299999996,-76.9136962,2.6829414667428066
919,8040.02,38.941368700000005,-76.93282049999999,3.08867560246323
920,8041.01,38.9268994,-76.9061203,0.15108046759927252
921,8041.02,38.9375341,-76.9009475,-0.058858597388234735
922,8042.0,38.9251974,-76.9188427,-0.3414659633582677
923,8043.0,38.9256205,-76.93043229999999,0.8175185575726014
924,8044.0,38.9300633,-76.9427453,0.01828163020183904
925,8002.15,39.0689024,-76.86384559999999,-0.39985064560516254
926,8004.1,39.0110546,-76.76825840000001,-0.5631143933736392
927,8004.11,39.028781,-76.8204292,0.6283422044825444
928,8067.14,39.0051006,-76.91007509999999,0.12919251271221732
929,8074.09,39.0377931,-76.9472017,2.2938009588644066
930,8074.1,39.0450064,-76.9464217,-1.3377434025712103
931,8002.12,39.067924299999994,-76.8829525,0.6193430278230247
932,8002.14,39.069992299999996,-76.85130190000001,-0.36040043262558424
933,8005.13,38.960656799999995,-76.7593318,-0.4103811866540815
934,8013.1,38.6633097,-76.983195,0.1120485490925558
935,8007.04,38.7781094,-76.78286109999999,-0.9526935265483115
936,8021.06,38.8404097,-76.8940291,-0.8198393780110953
937,8063.0,38.9513907,-76.9366398,1.433870901349552
938,8046.0,38.943597100000005,-76.95523,2.1912818108438397
939,8038.03,38.954811799999995,-76.8973349,0.08173497332462198
940,8038.01,38.945763,-76.90527349999999,-0.5911239653638979
941,8005.07,38.9064521,-76.706264,1.6773943213512807
942,8013.05,38.763738599999996,-76.9711857,-0.8798146401858209
943,8008.0,38.71083,-76.7299412,0.35553548368815624
944,8006.01,38.8261235,-76.71473909999999,-0.5350927869306483
945,8006.05,38.799361499999996,-76.748407,-0.010210585284160079
946,8024.07,38.8593834,-76.9089053,1.695267415292795
947,8010.03,38.6776797,-76.86402340000001,-0.12762081530165492
948,8014.08,38.7998494,-76.9634017,-0.14623886720210932
949,8059.06,39.0069339,-76.97460240000001,-0.6837031857535765
950,8013.12,38.718304700000004,-76.976892,-0.8582936885937414
951,8012.12,38.7929783,-76.9151888,0.03706792925594038
952,8001.08,39.0957168,-76.86040229999999,-0.6445898981855922
953,8048.01,38.944502299999996,-76.9695721,-0.17222965584746697
954,8035.26,38.8821457,-76.805677,-0.616202382475434
955,9010.05,38.622341299999995,-77.3884798,-0.28390417203856605
956,9009.01,38.561811600000006,-77.3203456,2.486364778078922
957,9012.21,38.6917265,-77.31487159999999,-0.5076616799074228
958,9012.23,38.691774,-77.29538149999999,-0.6873167289579335
959,9012.11,38.667389799999995,-77.33986829999999,-0.2355249984750214
960,9012.03,38.6526696,-77.33442459999999,-1.1191712093301287
961,9004.04,38.6406633,-77.32147040000001,-1.070155872716957
962,9010.08,38.60133629999999,-77.30672940000001,-0.8791196034656432
963,9003.0,38.6701195,-77.2712548,3.2047105972133734
964,9012.08,38.68461129999999,-77.2770107,-0.4141578217133207
965,9012.22,38.6995521,-77.3053328,-0.2853373326511216
966,9006.0,38.6419994,-77.2589527,0.1800605465723777
967,9001.0,38.6376463,-77.2457041,-0.14370784316988566
968,9017.02,38.7909264,-77.4693125,0.33464372778241314
969,9017.01,38.7799665,-77.497925,0.1878523881755656
970,9004.03,38.6454669,-77.3005651,-1.2977796854263453
971,9019.0,38.7876123,-77.44584820000001,-0.05534206118193463
972,9012.19,38.703186200000005,-77.3781129,0.722990655296939
973,9012.09,38.666690700000004,-77.2976418,0.3895387562881034
974,9016.02,38.796391,-77.4977779,-0.8061742543526684
975,9016.01,38.787528,-77.4939559,-0.6978078799164962
976,9014.03,38.7706994,-77.51831329999999,-0.8703458069419273
977,9007.02,38.612095200000006,-77.2555999,-0.9382536178550208
978,9008.01,38.5982148,-77.27489399999999,-0.6082184474747132
979,9002.02,38.66289929999999,-77.2665481,0.2777097493607761
980,9002.01,38.6656891,-77.25171850000001,-0.7726954694138739
981,9002.03,38.6546802,-77.26264240000002,-0.8748885786340108
982,9005.01,38.644090000000006,-77.2760228,1.1369354614849532
983,9005.02,38.6271336,-77.28427059999999,-0.2857848003894377
984,9004.1,38.6195277,-77.3046522,-1.1477691551512503
985,9010.11,38.6134305,-77.324608,-0.4339715830916583
986,9004.08,38.626136200000005,-77.33796009999999,-1.025478138497287
987,9004.09,38.628207399999994,-77.3235484,-1.1472883714064892
988,9004.07,38.6382863,-77.34166450000001,-1.3851475338290318
989,9009.04,38.5610352,-77.2887922,-0.6322511211894339
990,9008.02,38.5813183,-77.2771375,-0.8406109230267348
991,9009.05,38.5413422,-77.3176933,0.29110109731385014
992,9013.06,38.672172499999995,-77.4659697,-0.36267478370002215
993,9010.12,38.597511700000005,-77.3236699,-0.47216481285925765
994,9013.05,38.6690999,-77.5494873,0.17057518910710512
995,9014.17,38.7270162,-77.6142641,-0.42264167258943763
996,9014.16,38.7240552,-77.5428239,-0.31379233181266397
997,9013.04,38.70392929999999,-77.48194000000001,-0.49460463777161556
998,9012.32,38.7197604,-77.4408887,-0.6657394814047202
999,9012.33,38.6823555,-77.4237494,-0.14893934743674547
1000,9012.31,38.7419824,-77.41459520000001,-0.5337038928071962
1001,9012.3,38.663452899999996,-77.38923890000001,-0.2927681223633172
1002,9010.09,38.6216847,-77.36053199999999,-0.3065158921081853
1003,9012.28,38.639888799999994,-77.364145,0.4741546401256115
1004,9010.1,38.610601200000005,-77.3524108,-0.17772281610893212
1005,9012.26,38.6720213,-77.3666152,-0.5520945987871978
1006,9012.36,38.682854600000006,-77.3415184,-0.5344162094006883
1007,9012.24,38.674229499999996,-77.3060707,-0.10974367412854401
1008,9012.27,38.6544265,-77.363732,0.3116458748612807
1009,9012.29,38.652383799999996,-77.3874186,-0.7559439832539114
1010,9012.34,38.6499667,-77.4101931,-0.11361737881296068
1011,9013.03,38.7272123,-77.4863504,-0.28074781553679196
1012,9012.35,38.698376,-77.3386603,-0.18178836389149416
1013,9012.37,38.6855748,-77.3277444,-0.5849449865720854
1014,9012.25,38.6693016,-77.32195540000001,-0.48838971725500235
1015,9014.15,38.7409925,-77.5720519,-0.07529576692716641
1016,9014.1,38.7747333,-77.5838718,-0.14374475826146682
1017,9014.12,38.7676025,-77.6107728,-0.19053372466969923
1018,9015.07,38.8055635,-77.625419,1.7270929737534066
1019,9015.04,38.81324910000001,-77.58549920000002,-0.36478817925362106
1020,9015.03,38.851943,-77.5766166,-0.2856104246105213
1021,9014.08,38.7898835,-77.54119820000001,-0.8561090283625276
1022,9014.09,38.7579698,-77.5408298,0.4309587570657658
1023,9014.07,38.794633000000005,-77.5231699,1.598456979877909
1024,9015.09,38.8657721,-77.6682757,-0.323025752209838
1025,9014.14,38.745603100000004,-77.5978937,-0.5746389831797861
1026,9014.13,38.7624342,-77.59173309999998,-0.268608857004663
1027,9014.11,38.7752655,-77.6347635,-0.20286850414842864
1028,9007.01,38.6197931,-77.2769512,0.7772385853314885
1029,9015.11,38.8529217,-77.66676890000001,-0.03574563822139642
1030,9015.05,38.8344415,-77.61703,0.2399312174733232
1031,9015.1,38.834722,-77.65550870000001,-0.07840451720329797
1032,9015.08,38.80071029999999,-77.652487,-0.13366962588831627
1033,9015.06,38.8151339,-77.6232512,-0.29769781638362147
1034,9012.12,38.6674586,-77.35293359999999,-0.789120726719136
1035,9010.01,38.589368799999995,-77.3808094,3.127129523436172
1036,9101.0,38.760279100000005,-77.48936590000001,-0.5105481933302536
1037,9103.02,38.7400102,-77.4676135,-0.8249497460186255
1038,9104.02,38.739145799999996,-77.4918386,0.306523084160482
1039,9102.02,38.7745041,-77.4779811,0.23595609470701517
1040,9102.01,38.7622958,-77.4711977,2.1978827808535777
1041,9103.01,38.75273060000001,-77.45569350000001,1.2417293400592961
1042,9104.01,38.7473783,-77.4807847,0.0005047821332011537
1043,5003.0,38.8789302,-77.161962,-0.5774439133813608
1044,5001.0,38.8897746,-77.17592579999999,0.8465451687154428
1045,5002.0,38.8845751,-77.184449,0.7224620440658991
1046,4310.02,38.7771745,-77.254875,-0.3857935907774975
1047,4905.02,38.838763799999995,-77.37232579999998,-0.08634528343733584
